"2020-01-30T13:33:00.00+05:30",0
"2020-02-02T10:39:00.00+05:30",0
"2020-02-03T12:13:00.00+05:30",0
"2020-03-02T14:28:00.00+05:30",0
"2020-03-03T19:36:00.00+05:30",0
"2020-03-10T12:00:00.00+05:30",0
"2020-03-11T17:30:00.00+05:30",0
"2020-03-12T11:00:00.00+05:30",0
"2020-03-12T18:00:00.00+05:30",0
"2020-03-13T10:00:00.00+05:30",1
"2020-03-13T22:15:00.00+05:30",2
"2020-03-14T09:00:00.00+05:30",2
"2020-03-14T16:55:00.00+05:30",2
"2020-03-15T08:55:00.00+05:30",2
"2020-03-15T12:00:00.00+05:30",2
"2020-03-15T17:00:00.00+05:30",2
"2020-03-15T23:30:00.00+05:30",2
"2020-03-16T16:00:00.00+05:30",2
"2020-03-17T09:15:00.00+05:30",2
"2020-03-17T10:55:00.00+05:30",3
"2020-03-17T11:52:00.00+05:30",3
"2020-03-17T17:15:00.00+05:30",3
"2020-03-18T09:00:00.00+05:30",3
"2020-03-18T17:15:00.00+05:30",3
"2020-03-19T09:00:00.00+05:30",3
"2020-03-19T16:30:00.00+05:30",4
"2020-03-19T17:00:00.00+05:30",4
"2020-03-20T09:00:00.00+05:30",4
"2020-03-20T17:00:00.00+05:30",4
"2020-03-21T09:00:00.00+05:30",4
"2020-03-21T16:45:00.00+05:30",4
"2020-03-22T09:45:00.00+05:30",4
"2020-03-22T11:45:00.00+05:30",5
"2020-03-22T18:30:00.00+05:30",7
"2020-03-23T09:00:00.00+05:30",7
"2020-03-23T10:30:00.00+05:30",7
"2020-03-23T18:00:00.00+05:30",7
"2020-03-23T20:15:00.00+05:30",9
"2020-03-24T08:45:00.00+05:30",9
"2020-03-24T17:45:00.00+05:30",9
"2020-03-24T20:15:00.00+05:30",10
"2020-03-25T09:15:00.00+05:30",9
"2020-03-25T18:45:00.00+05:30",10
"2020-03-26T10:15:00.00+05:30",13
"2020-03-26T20:00:00.00+05:30",15
"2020-03-27T09:15:00.00+05:30",17
"2020-03-28T09:30:00.00+05:30",19
"2020-03-28T17:45:00.00+05:30",19
"2020-03-29T10:00:00.00+05:30",25
"2020-03-29T19:30:00.00+05:30",27
"2020-03-30T10:30:00.00+05:30",29
"2020-03-30T21:30:00.00+05:30",31
"2020-03-31T20:30:00.00+05:30",35
"2020-04-01T09:00:00.00+05:30",38
"2020-04-01T19:30:00.00+05:30",41
"2020-04-02T09:00:00.00+05:30",50
"2020-04-02T18:00:00.00+05:30",53
"2020-04-03T09:00:00.00+05:30",56
"2020-04-03T18:00:00.00+05:30",62
"2020-04-04T09:00:00.00+05:30",68
"2020-04-04T18:00:00.00+05:30",75
"2020-04-05T09:00:00.00+05:30",77
"2020-04-05T18:00:00.00+05:30",83
"2020-04-06T09:00:00.00+05:30",109
"2020-04-06T18:00:00.00+05:30",111
"2020-04-07T09:00:00.00+05:30",114
"2020-04-07T18:00:00.00+05:30",124
"2020-04-08T08:00:00.00+05:30",149
"2020-04-08T17:00:00.00+05:30",149
"2020-04-09T08:00:00.00+05:30",166
"2020-04-09T17:00:00.00+05:30",169
"2020-04-10T08:00:00.00+05:30",199
"2020-04-10T17:00:00.00+05:30",206
"2020-04-11T08:00:00.00+05:30",239
"2020-04-11T17:00:00.00+05:30",242
"2020-04-12T08:00:00.00+05:30",273
"2020-04-12T17:00:00.00+05:30",273
"2020-04-13T08:00:00.00+05:30",308
"2020-04-13T17:00:00.00+05:30",324
"2020-04-14T08:00:00.00+05:30",339
"2020-04-14T17:00:00.00+05:30",353
"2020-04-15T08:00:00.00+05:30",377
"2020-04-15T17:00:00.00+05:30",392
"2020-04-16T08:00:00.00+05:30",414
"2020-04-16T17:00:00.00+05:30",420
"2020-04-17T08:00:00.00+05:30",437
"2020-04-17T17:00:00.00+05:30",452
"2020-04-18T08:00:00.00+05:30",480
"2020-04-18T17:00:00.00+05:30",488
"2020-04-19T08:00:00.00+05:30",507
"2020-04-19T17:00:00.00+05:30",519
"2020-04-20T08:00:00.00+05:30",543
"2020-04-20T17:00:00.00+05:30",559
"2020-04-21T08:00:00.00+05:30",590
"2020-04-21T17:00:00.00+05:30",603
"2020-04-22T08:00:00.00+05:30",640
"2020-04-22T17:00:00.00+05:30",652
"2020-04-23T08:00:00.00+05:30",681
"2020-04-23T17:00:00.00+05:30",686
"2020-04-24T08:00:00.00+05:30",718
"2020-04-24T17:00:00.00+05:30",723
"2020-04-25T08:00:00.00+05:30",775
"2020-04-25T17:00:00.00+05:30",779
"2020-04-26T08:00:00.00+05:30",824
"2020-04-26T17:00:00.00+05:30",826
"2020-04-27T08:00:00.00+05:30",872
"2020-04-27T17:00:00.00+05:30",886
"2020-04-28T08:00:00.00+05:30",934
"2020-04-28T17:00:00.00+05:30",937
"2020-04-29T08:00:00.00+05:30",1007
"2020-04-29T17:00:00.00+05:30",1008
"2020-04-30T08:00:00.00+05:30",1074
"2020-04-30T17:00:00.00+05:30",1075
"2020-05-01T08:00:00.00+05:30",1147
"2020-05-01T17:00:00.00+05:30",1152
"2020-05-02T08:00:00.00+05:30",1218
"2020-05-02T17:00:00.00+05:30",1223
"2020-05-03T08:00:00.00+05:30",1301
"2020-05-03T17:00:00.00+05:30",1306
"2020-05-04T08:00:00.00+05:30",1373
"2020-05-04T17:00:00.00+05:30",1389
"2020-05-05T08:00:00.00+05:30",1568
"2020-05-05T17:00:00.00+05:30",1583
"2020-05-06T08:00:00.00+05:30",1694
"2020-05-07T08:00:00.00+05:30",1783
"2020-05-08T08:00:00.00+05:30",1886
"2020-05-09T08:00:00.00+05:30",1981
"2020-05-10T08:00:00.00+05:30",2109
"2020-05-11T08:00:00.00+05:30",2206
"2020-05-12T08:00:00.00+05:30",2293
"2020-05-13T08:00:00.00+05:30",2415
"2020-05-14T08:00:00.00+05:30",2549
"2020-05-15T08:00:00.00+05:30",2649
"2020-05-16T08:00:00.00+05:30",2752
"2020-05-17T08:00:00.00+05:30",2872
"2020-05-18T08:00:00.00+05:30",3029
"2020-05-19T08:00:00.00+05:30",3163
"2020-05-20T08:00:00.00+05:30",3303
"2020-05-21T08:00:00.00+05:30",3435
"2020-05-22T08:00:00.00+05:30",3583
"2020-05-23T08:00:00.00+05:30",3720
"2020-05-24T08:00:00.00+05:30",3867
"2020-05-25T08:00:00.00+05:30",4021
"2020-05-26T08:00:00.00+05:30",4167
"2020-05-27T08:00:00.00+05:30",4337
"2020-05-28T08:00:00.00+05:30",4531
"2020-05-29T08:00:00.00+05:30",4706
"2020-05-30T08:00:00.00+05:30",4971
"2020-05-31T08:00:00.00+05:30",5164
